{
  "code": "bitgo",
  "display": "BitGo",
  "fields": [
    {
      "code": "token",
      "display": "API token",
      "fieldType": "string",
      "secret": true,
      "required": true,
      "value": ""
    },
    {
      "code": "walletId",
      "display": "Wallet ID",
      "fieldType": "string",
      "secret": false,
      "required": true,
      "value": ""
    },
    {
      "code": "walletPassphrase",
      "display": "Wallet passphrase",
      "fieldType": "password",
      "secret": true,
      "required": true,
      "value": ""
    },
    {
      "code": "environment",
      "display": "Environment (prod or test)",
      "fieldType": "string",
      "secret": false,
      "required": false,
      "placeholder": "prod",
      "value": ""
    }
  ]
}
