{
  "code": "twilio",
  "display": "Twilio",
  "fields": [
    {
      "code": "accountSid",
      "display": "Account SID",
      "fieldType": "string",
      "required": true,
      "value": ""
    },
    {
      "code": "authToken",
      "display": "Auth token",
      "fieldType": "password",
      "required": true,
      "value": ""
    },
    {
      "code": "fromNumber",
      "display": "Twilio number (international format)",
      "fieldType": "string",
      "required": true,
      "value": ""
    },
    {
      "code": "toNumber",
      "display": "Notifications number (international format)",
      "fieldType": "string",
      "required": true,
      "value": ""
    }
  ]
}
