[{"code":"US","display":"United States"},{"code":"GB","display":"United Kingdom"},{"code":"CA","display":"Canada"},{"code":"AU","display":"Australia"},{"code":"AW","display":"Aruba"},{"code":"AF","display":"Afghanistan"},{"code":"AO","display":"Angola"},{"code":"AI","display":"Anguilla"},{"code":"AX","display":"Åland Islands"},{"code":"AL","display":"Albania"},{"code":"AD","display":"Andorra"},{"code":"AE","display":"United Arab Emirates"},{"code":"AR","display":"Argentina"},{"code":"AM","display":"Armenia"},{"code":"AS","display":"American Samoa"},{"code":"AQ","display":"Antarctica"},{"code":"TF","display":"French Southern and Antarctic Lands"},{"code":"AG","display":"Antigua and Barbuda"},{"code":"AT","display":"Austria"},{"code":"AZ","display":"Azerbaijan"},{"code":"BI","display":"Burundi"},{"code":"BE","display":"Belgium"},{"code":"BJ","display":"Benin"},{"code":"BF","display":"Burkina Faso"},{"code":"BD","display":"Bangladesh"},{"code":"BG","display":"Bulgaria"},{"code":"BH","display":"Bahrain"},{"code":"BS","display":"Bahamas"},{"code":"BA","display":"Bosnia and Herzegovina"},{"code":"BL","display":"Saint Barthélemy"},{"code":"BY","display":"Belarus"},{"code":"BZ","display":"Belize"},{"code":"BM","display":"Bermuda"},{"code":"BO","display":"Bolivia"},{"code":"BR","display":"Brazil"},{"code":"BB","display":"Barbados"},{"code":"BN","display":"Brunei"},{"code":"BT","display":"Bhutan"},{"code":"BV","display":"Bouvet Island"},{"code":"BW","display":"Botswana"},{"code":"CF","display":"Central African Republic"},{"code":"CC","display":"Cocos (Keeling) Islands"},{"code":"CH","display":"Switzerland"},{"code":"CL","display":"Chile"},{"code":"CN","display":"China"},{"code":"CI","display":"Ivory Coast"},{"code":"CM","display":"Cameroon"},{"code":"CD","display":"DR Congo"},{"code":"CG","display":"Republic of the Congo"},{"code":"CK","display":"Cook Islands"},{"code":"CO","display":"Colombia"},{"code":"KM","display":"Comoros"},{"code":"CV","display":"Cape Verde"},{"code":"CR","display":"Costa Rica"},{"code":"CU","display":"Cuba"},{"code":"CW","display":"Curaçao"},{"code":"CX","display":"Christmas Island"},{"code":"KY","display":"Cayman Islands"},{"code":"CY","display":"Cyprus"},{"code":"CZ","display":"Czech Republic"},{"code":"DE","display":"Germany"},{"code":"DJ","display":"Djibouti"},{"code":"DM","display":"Dominica"},{"code":"DK","display":"Denmark"},{"code":"DO","display":"Dominican Republic"},{"code":"DZ","display":"Algeria"},{"code":"EC","display":"Ecuador"},{"code":"EG","display":"Egypt"},{"code":"ER","display":"Eritrea"},{"code":"EH","display":"Western Sahara"},{"code":"ES","display":"Spain"},{"code":"EE","display":"Estonia"},{"code":"ET","display":"Ethiopia"},{"code":"FI","display":"Finland"},{"code":"FJ","display":"Fiji"},{"code":"FK","display":"Falkland Islands"},{"code":"FR","display":"France"},{"code":"FO","display":"Faroe Islands"},{"code":"FM","display":"Micronesia"},{"code":"GA","display":"Gabon"},{"code":"GE","display":"Georgia"},{"code":"GG","display":"Guernsey"},{"code":"GH","display":"Ghana"},{"code":"GI","display":"Gibraltar"},{"code":"GN","display":"Guinea"},{"code":"GP","display":"Guadeloupe"},{"code":"GM","display":"Gambia"},{"code":"GW","display":"Guinea-Bissau"},{"code":"GQ","display":"Equatorial Guinea"},{"code":"GR","display":"Greece"},{"code":"GD","display":"Grenada"},{"code":"GL","display":"Greenland"},{"code":"GT","display":"Guatemala"},{"code":"GF","display":"French Guiana"},{"code":"GU","display":"Guam"},{"code":"GY","display":"Guyana"},{"code":"HK","display":"Hong Kong"},{"code":"HM","display":"Heard Island and McDonald Islands"},{"code":"HN","display":"Honduras"},{"code":"HR","display":"Croatia"},{"code":"HT","display":"Haiti"},{"code":"HU","display":"Hungary"},{"code":"ID","display":"Indonesia"},{"code":"IM","display":"Isle of Man"},{"code":"IN","display":"India"},{"code":"IO","display":"British Indian Ocean Territory"},{"code":"IE","display":"Ireland"},{"code":"IR","display":"Iran"},{"code":"IQ","display":"Iraq"},{"code":"IS","display":"Iceland"},{"code":"IL","display":"Israel"},{"code":"IT","display":"Italy"},{"code":"JM","display":"Jamaica"},{"code":"JE","display":"Jersey"},{"code":"JO","display":"Jordan"},{"code":"JP","display":"Japan"},{"code":"KZ","display":"Kazakhstan"},{"code":"KE","display":"Kenya"},{"code":"KG","display":"Kyrgyzstan"},{"code":"KH","display":"Cambodia"},{"code":"KI","display":"Kiribati"},{"code":"KN","display":"Saint Kitts and Nevis"},{"code":"KR","display":"South Korea"},{"code":"XK","display":"Kosovo"},{"code":"KW","display":"Kuwait"},{"code":"LA","display":"Laos"},{"code":"LB","display":"Lebanon"},{"code":"LR","display":"Liberia"},{"code":"LY","display":"Libya"},{"code":"LC","display":"Saint Lucia"},{"code":"LI","display":"Liechtenstein"},{"code":"LK","display":"Sri Lanka"},{"code":"LS","display":"Lesotho"},{"code":"LT","display":"Lithuania"},{"code":"LU","display":"Luxembourg"},{"code":"LV","display":"Latvia"},{"code":"MO","display":"Macau"},{"code":"MF","display":"Saint Martin"},{"code":"MA","display":"Morocco"},{"code":"MC","display":"Monaco"},{"code":"MD","display":"Moldova"},{"code":"MG","display":"Madagascar"},{"code":"MV","display":"Maldives"},{"code":"MX","display":"Mexico"},{"code":"MH","display":"Marshall Islands"},{"code":"MK","display":"Macedonia"},{"code":"ML","display":"Mali"},{"code":"MT","display":"Malta"},{"code":"MM","display":"Myanmar"},{"code":"ME","display":"Montenegro"},{"code":"MN","display":"Mongolia"},{"code":"MP","display":"Northern Mariana Islands"},{"code":"MZ","display":"Mozambique"},{"code":"MR","display":"Mauritania"},{"code":"MS","display":"Montserrat"},{"code":"MQ","display":"Martinique"},{"code":"MU","display":"Mauritius"},{"code":"MW","display":"Malawi"},{"code":"MY","display":"Malaysia"},{"code":"YT","display":"Mayotte"},{"code":"NA","display":"Namibia"},{"code":"NC","display":"New Caledonia"},{"code":"NE","display":"Niger"},{"code":"NF","display":"Norfolk Island"},{"code":"NG","display":"Nigeria"},{"code":"NI","display":"Nicaragua"},{"code":"NU","display":"Niue"},{"code":"NL","display":"Netherlands"},{"code":"NO","display":"Norway"},{"code":"NP","display":"Nepal"},{"code":"NR","display":"Nauru"},{"code":"NZ","display":"New Zealand"},{"code":"OM","display":"Oman"},{"code":"PK","display":"Pakistan"},{"code":"PA","display":"Panama"},{"code":"PN","display":"Pitcairn Islands"},{"code":"PE","display":"Peru"},{"code":"PH","display":"Philippines"},{"code":"PW","display":"Palau"},{"code":"PG","display":"Papua New Guinea"},{"code":"PL","display":"Poland"},{"code":"PR","display":"Puerto Rico"},{"code":"KP","display":"North Korea"},{"code":"PT","display":"Portugal"},{"code":"PY","display":"Paraguay"},{"code":"PS","display":"Palestine"},{"code":"PF","display":"French Polynesia"},{"code":"QA","display":"Qatar"},{"code":"RE","display":"Réunion"},{"code":"RO","display":"Romania"},{"code":"RU","display":"Russia"},{"code":"RW","display":"Rwanda"},{"code":"SA","display":"Saudi Arabia"},{"code":"SD","display":"Sudan"},{"code":"SN","display":"Senegal"},{"code":"SG","display":"Singapore"},{"code":"GS","display":"South Georgia"},{"code":"SJ","display":"Svalbard and Jan Mayen"},{"code":"SB","display":"Solomon Islands"},{"code":"SL","display":"Sierra Leone"},{"code":"SV","display":"El Salvador"},{"code":"SM","display":"San Marino"},{"code":"SO","display":"Somalia"},{"code":"PM","display":"Saint Pierre and Miquelon"},{"code":"RS","display":"Serbia"},{"code":"SS","display":"South Sudan"},{"code":"ST","display":"São Tomé and Príncipe"},{"code":"SR","display":"Suriname"},{"code":"SK","display":"Slovakia"},{"code":"SI","display":"Slovenia"},{"code":"SE","display":"Sweden"},{"code":"SZ","display":"Swaziland"},{"code":"SX","display":"Sint Maarten"},{"code":"SC","display":"Seychelles"},{"code":"SY","display":"Syria"},{"code":"TC","display":"Turks and Caicos Islands"},{"code":"TD","display":"Chad"},{"code":"TG","display":"Togo"},{"code":"TH","display":"Thailand"},{"code":"TJ","display":"Tajikistan"},{"code":"TK","display":"Tokelau"},{"code":"TM","display":"Turkmenistan"},{"code":"TL","display":"Timor-Leste"},{"code":"TO","display":"Tonga"},{"code":"TT","display":"Trinidad and Tobago"},{"code":"TN","display":"Tunisia"},{"code":"TR","display":"Turkey"},{"code":"TV","display":"Tuvalu"},{"code":"TW","display":"Taiwan"},{"code":"TZ","display":"Tanzania"},{"code":"UG","display":"Uganda"},{"code":"UA","display":"Ukraine"},{"code":"UM","display":"United States Minor Outlying Islands"},{"code":"UY","display":"Uruguay"},{"code":"UZ","display":"Uzbekistan"},{"code":"VA","display":"Vatican City"},{"code":"VC","display":"Saint Vincent and the Grenadines"},{"code":"VE","display":"Venezuela"},{"code":"VG","display":"British Virgin Islands"},{"code":"VI","display":"United States Virgin Islands"},{"code":"VN","display":"Vietnam"},{"code":"VU","display":"Vanuatu"},{"code":"WF","display":"Wallis and Futuna"},{"code":"WS","display":"Samoa"},{"code":"YE","display":"Yemen"},{"code":"ZA","display":"South Africa"},{"code":"ZM","display":"Zambia"},{"code":"ZW","display":"Zimbabwe"}]