{
  "seedPath": "/etc/lamassu/seeds/seed.txt",
  "caPath": "/etc/ssl/certs/Lamassu_OP_Root_CA.pem",
  "certPath": "/etc/ssl/certs/Lamassu_OP.pem",
  "keyPath": "/etc/ssl/private/Lamassu_OP.key",
  "logLevel": "info",
  "migrateStatePath": "/etc/lamassu/.migrate",
  "blockchainDir": "/mnt/blockchains",
  "ofacDataDir": "/opt/lamassu-server/sanctions",
  "coinAtmRadar": {
    "url": "https://coinatmradar.info/api/lamassu/"
  },
  "strike": {
    "baseUrl": "https://api.strike.acinq.co/api/"
  }
}
